{"cameraMode":{"drawMode":0,"name":"Shaded","section":"Shading Mode"},"sceneLighting":false,"audioPlay":false,"sceneViewState":{"showFog":false,"showMaterialUpdate":false,"showSkybox":false,"showFlares":false,"showImageEffects":false,"showParticleSystems":false},"in2DMode":false,"pivot":{"x":0.5025972127914429,"y":-2.7039387226104738,"z":-17.283533096313478},"rotation":{"x":0.009977455250918866,"y":0.9900261759757996,"z":-0.10014373809099198,"w":0.09863515198230744},"size":22.0,"orthographic":false}